id,account,entry_type,amount_cents,posted_ts
1,tax,debit,17800,2025-04-22 08:36:11
2,refunds,debit,25187,2026-01-30 07:45:11
3,refunds,debit,-3271,2026-04-01 19:46:31
4,fees,debit,4502,2025-03-12 19:42:45
5,refunds,credit,4257,2025-01-06 02:44:46
6,tax,debit,24977,2026-02-20 11:21:18
7,tax,debit,-7988,2025-07-29 15:08:55
8,fees,debit,3193,2025-10-16 11:02:10
9,fees,debit,14341,2025-09-24 14:33:04
10,revenue,credit,37831,2025-05-06 10:49:45
11,tax,debit,10106,2026-03-23 03:46:31
12,tax,debit,25767,2026-02-16 17:08:01
13,refunds,debit,5660,2025-11-13 05:10:06
14,fees,credit,27396,2026-02-23 00:01:06
15,refunds,credit,-7841,2026-03-05 19:40:36
16,tax,debit,37048,2025-08-16 03:22:55
17,revenue,debit,-6040,2025-05-20 03:29:31
18,fees,debit,-1003,2025-03-04 12:56:08
19,refunds,debit,648,2025-12-09 18:29:47
20,tax,debit,-7788,2026-04-26 20:24:44
21,tax,debit,16928,2026-05-12 01:49:23
22,fees,credit,6753,2026-03-06 10:45:27
23,fees,credit,27770,2025-01-28 10:33:09
24,fees,debit,18665,2025-12-06 20:00:23
25,revenue,debit,-4461,2025-06-16 13:12:32
26,revenue,debit,136,2025-08-04 12:49:59
27,tax,debit,-6362,2025-01-18 20:39:17
28,fees,debit,31714,2025-02-21 08:07:33
29,revenue,credit,6509,2026-05-02 01:18:07
30,fees,credit,33435,2025-03-27 03:03:38
31,fees,debit,21567,2025-10-30 17:59:09
32,tax,debit,24530,2025-03-09 09:58:26
33,fees,credit,6951,2026-01-12 02:47:34
34,fees,credit,30973,2025-12-22 18:14:41
35,tax,debit,26951,2025-12-30 11:29:57
36,fees,credit,21734,2026-02-24 09:01:15
37,fees,debit,3373,2025-09-20 17:24:37
38,tax,debit,14111,2025-03-25 07:20:35
39,fees,credit,8689,2025-05-26 06:18:03
40,revenue,debit,27118,2025-02-04 19:55:22
