id,name,price_cents,billing_interval,created
1,Pro APAC 1,900,annual,2025-04-12 15:44:13
2,Basic APAC 2,24900,monthly,2025-10-12 03:16:26
3,Pro EU 3,24900,annual,2025-10-13 01:30:29
4,Pro APAC 4,24900,monthly,2025-09-13 05:34:38
5,Basic EU 5,9900,annual,2025-12-23 18:31:42
6,Team US 6,9900,annual,2025-08-03 21:04:11
7,Team APAC 7,900,monthly,2025-11-09 01:43:47
8,Team EU 8,24900,annual,2026-01-23 04:02:13
9,Enterprise APAC 9,2900,annual,2025-02-18 21:23:21
10,Enterprise APAC 10,2900,annual,2025-08-11 10:27:16
11,Basic US 11,9900,annual,2026-02-28 15:25:21
12,Team APAC 12,9900,monthly,2025-12-02 15:50:07
13,Team EU 13,9900,annual,2025-03-07 18:40:05
14,Basic US 14,24900,monthly,2025-07-24 09:06:00
15,Basic EU 15,24900,monthly,2026-02-08 16:58:34
16,Enterprise APAC 16,2900,monthly,2025-04-19 01:42:40
17,Enterprise APAC 17,2900,monthly,2025-12-06 05:55:02
18,Enterprise EU 18,900,annual,2026-03-23 04:50:19
19,Team US 19,2900,annual,2025-01-18 10:01:27
20,Basic US 20,900,monthly,2026-02-01 13:36:44
