id,order_id,payment_method,amount_cents,created
1,5,paypal,14535,2025-02-07 06:42:19
2,8,paypal,23965,2025-11-26 21:23:09
3,17,paypal,15826,2025-04-23 23:06:25
4,32,paypal,22383,2026-03-03 07:10:45
5,28,gift_card,11612,2025-08-04 06:22:20
6,6,bank_transfer,1138,2025-06-23 17:29:28
7,46,card,13094,2025-06-19 16:39:18
8,33,card,4197,2026-04-16 07:56:06
9,6,bank_transfer,9410,2025-01-21 05:17:48
10,9,gift_card,22650,2026-02-24 08:25:09
11,35,gift_card,23451,2025-06-17 02:17:03
12,45,paypal,14436,2026-04-04 02:17:01
13,41,card,9037,2025-02-12 19:54:14
14,5,bank_transfer,4487,2025-08-21 00:21:35
15,27,bank_transfer,20871,2025-03-08 01:33:45
16,16,card,5790,2025-05-15 01:11:12
17,20,bank_transfer,17902,2026-01-24 06:18:28
18,33,paypal,9364,2025-06-27 00:16:02
19,1,card,24521,2025-09-16 17:12:32
20,31,paypal,15149,2025-02-24 21:52:41
21,28,gift_card,18388,2026-03-04 12:32:19
22,45,paypal,8022,2025-06-25 06:53:56
23,46,paypal,13761,2025-06-27 01:53:08
24,1,card,20994,2026-01-15 08:27:10
25,4,card,22298,2026-03-07 12:55:32
26,43,bank_transfer,20120,2025-05-05 22:18:02
27,30,paypal,5662,2025-05-18 14:00:16
28,24,bank_transfer,18426,2025-06-15 07:02:56
29,20,paypal,12184,2025-04-04 00:21:24
30,6,gift_card,9639,2025-09-15 20:12:15
31,33,card,3477,2025-05-16 02:09:25
32,38,card,13409,2025-01-12 09:19:40
33,15,card,19688,2026-05-06 16:54:48
34,10,gift_card,11186,2026-01-04 15:09:18
35,47,paypal,1934,2026-02-27 22:57:32
36,41,gift_card,24546,2025-12-25 16:08:58
37,34,card,22994,2025-10-27 22:43:44
38,42,paypal,3288,2025-01-16 01:08:40
39,24,card,12841,2026-03-04 14:35:03
40,41,card,21020,2025-09-30 21:15:31
41,17,card,15473,2026-02-13 02:47:59
42,33,card,22103,2025-09-27 02:47:47
43,31,bank_transfer,2939,2026-03-10 08:15:46
44,49,paypal,8060,2026-01-14 20:29:31
45,25,card,16196,2026-04-12 21:18:49
