id,name,category,price_cents,created,_is_deleted
1,Product 01,apparel,6995,2025-09-05 19:57:39,false
2,Product 02,widgets,16010,2026-04-11 20:22:51,false
3,Product 03,widgets,4228,2026-04-11 12:50:45,false
4,Product 04,gadgets,15963,2026-04-01 05:27:50,true
5,Product 05,apparel,3141,2026-02-15 23:25:29,false
6,Product 06,home,3081,2026-01-07 05:10:08,false
7,Product 07,widgets,5251,2025-10-30 14:51:41,false
8,Product 08,gadgets,19824,2025-08-31 21:59:22,false
9,Product 09,gadgets,18277,2025-10-08 04:01:00,false
10,Product 10,widgets,17554,2026-01-19 04:27:55,false
11,Product 11,gadgets,7214,2025-01-15 08:13:18,true
12,Product 12,gadgets,19515,2025-06-16 08:34:26,false
13,Product 13,gadgets,2294,2026-04-11 23:22:57,false
14,Product 14,home,19414,2026-02-22 16:26:52,false
15,Product 15,gadgets,17725,2025-03-19 16:32:01,false
16,Product 16,home,6299,2025-11-08 00:49:51,false
17,Product 17,gadgets,5946,2025-03-14 15:39:46,false
18,Product 18,widgets,18533,2025-02-01 10:43:33,false
19,Product 19,home,3775,2026-03-29 17:03:15,true
20,Product 20,gadgets,9373,2025-01-22 03:32:28,false
21,Product 21,widgets,2375,2025-08-15 10:39:32,false
22,Product 22,gadgets,9381,2025-08-20 16:34:51,false
23,Product 23,home,16937,2026-04-28 07:44:33,false
24,Product 24,apparel,18633,2026-04-03 06:53:28,false
25,Product 25,gadgets,13951,2025-03-04 12:28:20,false
