id,customer_id,status,order_date,amount_cents
1,5,returned,2025-08-04,1784
2,22,placed,2026-01-27,18787
3,19,completed,2025-06-24,23283
4,12,returned,2025-10-24,15448
5,3,placed,2025-05-19,16035
6,23,placed,2025-02-01,24458
7,23,completed,2025-11-28,19438
8,22,returned,2025-05-26,23982
9,13,completed,2025-01-12,15628
10,12,shipped,2025-11-09,4336
11,16,placed,2025-04-22,9918
12,5,shipped,2025-07-23,13310
13,30,returned,2025-02-11,5951
14,15,returned,2025-10-09,9604
15,29,shipped,2025-08-09,18529
16,9,returned,2025-07-03,22871
17,29,returned,2025-04-29,5445
18,3,shipped,2025-03-19,8100
19,22,shipped,2025-01-07,16391
20,27,shipped,2025-05-15,9738
21,1,shipped,2025-08-03,18017
22,12,completed,2025-03-06,23126
23,28,placed,2025-08-22,22801
24,26,returned,2025-07-23,13573
25,13,placed,2025-09-04,21284
26,13,placed,2025-04-08,2706
27,7,returned,2025-03-25,4102
28,11,placed,2025-02-22,507
29,19,shipped,2025-10-02,3824
30,12,placed,2025-02-06,7314
31,20,returned,2025-03-18,21288
32,9,completed,2025-11-05,12432
33,16,placed,2025-03-01,16493
34,15,returned,2025-09-05,10718
35,3,shipped,2025-02-22,11727
36,24,completed,2025-09-03,23177
37,6,placed,2025-04-16,17809
38,12,shipped,2025-12-20,18298
39,30,placed,2026-01-24,17805
40,10,placed,2025-12-23,9056
41,17,completed,2025-03-27,12155
42,25,shipped,2025-09-30,18246
43,25,completed,2025-11-22,7808
44,20,shipped,2025-05-03,13629
45,24,shipped,2025-04-13,17461
46,16,completed,2026-01-10,1449
47,1,completed,2025-08-30,8992
48,7,completed,2025-08-17,24195
49,12,completed,2025-02-11,7724
50,4,shipped,2025-08-29,6945
