id,customer_id,subscription_id,total_cents,tax_cents,issued_ts,due_ts,_is_deleted
1,9,20,34213,2737,2025-09-15 15:13:37,2025-10-15 15:13:37,false
2,7,6,67223,5377,2025-05-02 10:23:02,2025-06-01 10:23:02,true
3,22,11,53783,4302,2025-03-24 20:59:17,2025-04-23 20:59:17,false
4,17,2,50293,4023,2025-03-28 08:07:49,2025-04-27 08:07:49,false
5,18,17,84303,6744,2026-03-16 11:55:28,2026-04-15 11:55:28,false
6,21,28,76927,6154,2025-12-19 03:16:34,2026-01-18 03:16:34,false
7,12,19,52575,4206,2026-01-13 11:16:24,2026-02-12 11:16:24,false
8,15,8,20062,1604,2025-07-04 10:48:05,2025-08-03 10:48:05,false
9,27,17,24067,1925,2025-11-12 23:03:18,2025-12-12 23:03:18,false
10,30,22,34146,2731,2025-06-08 20:55:37,2025-07-08 20:55:37,false
11,8,5,41879,3350,2026-01-11 00:47:02,2026-02-10 00:47:02,false
12,17,12,39038,3123,2025-11-12 20:27:26,2025-12-12 20:27:26,false
13,21,2,7162,572,2025-03-09 15:14:39,2025-04-08 15:14:39,true
14,10,4,3821,305,2025-01-28 00:36:22,2025-02-27 00:36:22,false
15,19,10,69462,5556,2025-07-02 17:14:26,2025-08-01 17:14:26,false
16,27,16,78113,6249,2025-03-10 06:23:39,2025-04-09 06:23:39,false
17,8,23,21691,1735,2025-03-10 00:59:51,2025-04-09 00:59:51,false
18,5,28,20470,1637,2025-08-19 03:04:40,2025-09-18 03:04:40,false
19,9,1,88124,7049,2026-02-05 08:25:51,2026-03-07 08:25:51,false
20,20,21,8257,660,2025-11-27 17:57:22,2025-12-27 17:57:22,false
21,24,16,76721,6137,2025-08-16 19:59:33,2025-09-15 19:59:33,false
22,18,1,33471,2677,2025-03-26 00:02:03,2025-04-25 00:02:03,false
23,30,25,54113,4329,2025-04-06 07:10:03,2025-05-06 07:10:03,false
24,7,5,14651,1172,2025-01-07 19:35:42,2025-02-06 19:35:42,false
25,17,21,55056,4404,2025-04-13 16:38:41,2025-05-13 16:38:41,false
26,10,3,84991,6799,2025-08-01 19:11:32,2025-08-31 19:11:32,false
27,26,16,40256,3220,2025-11-17 01:56:46,2025-12-17 01:56:46,true
28,14,24,94668,7573,2025-10-03 00:24:54,2025-11-02 00:24:54,false
29,6,8,61883,4950,2025-02-11 23:41:28,2025-03-13 23:41:28,false
30,4,11,14699,1175,2025-05-14 07:41:02,2025-06-13 07:41:02,false
31,9,21,92009,7360,2026-04-28 08:45:03,2026-05-28 08:45:03,false
32,30,17,73486,5878,2025-12-14 13:43:50,2026-01-13 13:43:50,false
33,7,3,35672,2853,2025-06-01 20:59:57,2025-07-01 20:59:57,false
34,8,27,67409,5392,2025-01-08 05:16:57,2025-02-07 05:16:57,false
35,11,7,98401,7872,2025-04-14 05:47:58,2025-05-14 05:47:58,false
36,30,28,51848,4147,2025-06-18 19:15:24,2025-07-18 19:15:24,false
37,18,16,83566,6685,2026-04-17 22:42:53,2026-05-17 22:42:53,false
38,28,1,62784,5022,2026-03-06 16:44:00,2026-04-05 16:44:00,false
39,29,10,58206,4656,2026-05-05 23:14:36,2026-06-04 23:14:36,false
40,19,30,28682,2294,2025-07-20 19:37:04,2025-08-19 19:37:04,false
