id,order_id,carrier,status,shipping_cost_cents,shipped_ts,delivered_ts,_is_deleted
1,6,fedex,delivered,1400,2025-06-20 14:27:08,2025-06-24 14:27:08,false
2,2,usps,delivered,1568,2025-10-12 02:20:15,2025-10-16 02:20:15,false
3,49,ups,delivered,2040,2025-07-31 23:33:13,2025-08-06 23:33:13,false
4,41,fedex,delivered,379,2025-05-23 18:23:08,2025-06-01 18:23:08,false
5,20,ups,delivered,521,2025-05-19 07:24:25,2025-05-26 07:24:25,true
6,38,usps,delivered,0,2025-01-17 13:45:48,2025-01-25 13:45:48,false
7,30,usps,delivered,1017,2025-02-07 12:59:59,2025-02-16 12:59:59,false
8,44,ups,in_transit,1873,2026-02-05 03:14:09,,false
9,9,fedex,in_transit,2332,2025-02-13 17:49:02,,false
10,41,dhl,delivered,2163,2026-04-16 01:41:45,2026-04-19 01:41:45,false
11,5,dhl,in_transit,2148,2025-11-22 13:44:48,,false
12,1,dhl,delivered,1886,2026-04-29 18:12:24,2026-04-30 18:12:24,false
13,34,fedex,delivered,2240,2025-05-23 10:41:53,2025-05-31 10:41:53,false
14,2,fedex,delivered,2041,2025-05-07 00:26:45,2025-05-08 00:26:45,true
15,15,usps,in_transit,1516,2026-03-30 21:41:26,,false
16,24,usps,delivered,811,2025-04-27 15:02:44,2025-05-04 15:02:44,false
17,32,fedex,delivered,1276,2025-01-04 09:47:54,2025-01-08 09:47:54,false
18,7,usps,delivered,2498,2026-01-28 06:14:29,2026-02-02 06:14:29,false
19,39,fedex,delivered,1611,2025-04-06 07:31:26,2025-04-07 07:31:26,false
20,4,ups,in_transit,754,2025-01-28 06:01:38,,false
21,6,fedex,delivered,1348,2025-07-21 14:57:45,2025-07-23 14:57:45,false
22,3,dhl,delivered,1550,2025-04-08 05:41:59,2025-04-16 05:41:59,true
23,1,ups,in_transit,1146,2026-03-06 11:21:28,,false
24,49,fedex,in_transit,1557,2025-02-11 11:26:56,,false
25,46,usps,delivered,801,2025-07-02 09:52:51,2025-07-03 09:52:51,false
26,24,usps,in_transit,124,2025-07-10 17:58:28,,false
27,3,usps,delivered,142,2025-11-20 13:15:51,2025-11-27 13:15:51,false
28,13,ups,in_transit,2480,2025-08-26 02:51:58,,false
29,17,dhl,delivered,1128,2025-06-23 11:17:21,2025-06-24 11:17:21,false
30,2,fedex,delivered,439,2025-06-02 00:46:48,2025-06-04 00:46:48,false
31,28,usps,delivered,543,2025-09-01 22:29:49,2025-09-06 22:29:49,false
32,45,fedex,delivered,2487,2026-04-21 15:11:00,2026-04-26 15:11:00,false
33,33,fedex,delivered,1604,2025-05-01 10:55:20,2025-05-03 10:55:20,true
34,3,usps,in_transit,2263,2026-01-21 05:15:26,,false
35,17,ups,delivered,853,2025-10-06 10:10:27,2025-10-08 10:10:27,false
36,15,fedex,delivered,1707,2025-02-19 13:31:45,2025-02-22 13:31:45,false
37,50,ups,delivered,1203,2025-08-24 19:57:43,2025-09-02 19:57:43,false
38,13,usps,delivered,1013,2025-05-31 08:36:17,2025-06-05 08:36:17,false
39,21,ups,delivered,1622,2025-04-06 07:15:09,2025-04-10 07:15:09,false
40,42,usps,delivered,151,2025-05-09 07:32:33,2025-05-11 07:32:33,false
