id,code,discount_cents,min_order_cents,expires_on,_is_deleted
1,SAVE15-01,1500,2000,2026-06-15,false
2,SAVE20-02,1000,5000,2025-09-03,false
3,SAVE20-03,500,5000,2026-04-11,false
4,SAVE15-04,500,2000,2025-10-19,false
5,SAVE20-05,2500,0,2025-06-07,true
6,SAVE5-06,2500,2000,2026-04-18,false
7,SAVE15-07,1500,0,2025-09-23,false
8,SAVE15-08,2500,5000,2025-09-21,false
9,SAVE20-09,2500,0,2025-08-24,false
10,SAVE10-10,500,5000,2025-09-07,false
11,SAVE20-11,1000,0,2025-11-28,false
12,SAVE20-12,2500,2000,2026-06-25,true
13,SAVE10-13,2500,2000,2025-09-26,false
14,SAVE15-14,2500,5000,2025-10-08,false
15,SAVE20-15,1000,2000,2025-06-02,false
16,SAVE15-16,1500,0,2026-05-02,false
17,SAVE15-17,1500,2000,2026-02-04,false
18,SAVE20-18,500,5000,2025-12-03,false
19,SAVE10-19,1500,2000,2025-06-30,false
20,SAVE5-20,1500,0,2026-02-27,false
21,SAVE15-21,500,5000,2025-06-06,false
22,SAVE10-22,500,5000,2025-10-29,false
23,SAVE15-23,500,5000,2025-08-13,false
24,SAVE10-24,1000,2000,2025-11-25,false
25,SAVE10-25,1000,2000,2026-03-01,false
