id,customer_id,subject,priority,status,opened_ts,closed_ts,_is_deleted
1,20,Refund request,normal,open,2025-03-29 04:02:01,,false
2,5,Login issue,high,open,2026-05-16 04:44:01,,false
3,12,Refund request,high,closed,2025-02-04 23:02:04,2025-02-13 03:02:04,false
4,13,Login issue,low,closed,2026-04-02 21:04:56,2026-04-10 12:04:56,false
5,28,Login issue,high,open,2025-04-16 06:07:02,,false
6,26,Refund request,normal,open,2025-11-20 09:30:06,,false
7,9,Late delivery,low,open,2025-06-13 10:27:16,,true
8,17,Billing question,normal,closed,2026-01-02 11:58:20,2026-01-08 22:58:20,false
9,17,Login issue,normal,closed,2025-11-13 23:01:50,2025-11-18 15:01:50,false
10,28,Login issue,high,closed,2025-08-29 22:03:34,2025-09-06 13:03:34,false
11,7,Late delivery,low,open,2026-02-24 09:10:27,,false
12,16,Bug report,normal,closed,2025-01-03 11:31:06,2025-01-05 11:31:06,false
13,27,Refund request,high,closed,2026-05-06 16:16:36,2026-05-09 17:16:36,false
14,3,Billing question,high,closed,2025-04-29 15:10:07,2025-05-07 20:10:07,false
15,30,Billing question,high,closed,2025-10-15 03:40:20,2025-10-19 10:40:20,false
16,7,Late delivery,normal,open,2025-02-14 13:56:41,,false
17,8,Billing question,low,closed,2025-08-08 17:32:10,2025-08-15 11:32:10,false
18,2,Late delivery,high,closed,2025-09-30 19:48:44,2025-10-07 17:48:44,true
19,18,Late delivery,low,closed,2025-06-17 16:09:55,2025-06-24 18:09:55,false
20,8,Refund request,normal,open,2025-08-26 14:44:49,,false
21,7,Late delivery,normal,open,2025-08-25 20:56:44,,false
22,5,Refund request,high,closed,2026-01-22 22:52:53,2026-01-30 16:52:53,false
23,11,Refund request,normal,open,2025-06-17 19:33:22,,false
24,7,Billing question,low,closed,2026-05-15 23:06:10,2026-05-17 02:06:10,false
25,4,Login issue,normal,closed,2025-03-17 09:46:19,2025-03-19 12:46:19,false
26,28,Billing question,high,open,2025-04-16 12:29:02,,false
27,9,Bug report,high,closed,2025-04-24 16:40:18,2025-04-26 05:40:18,false
28,23,Bug report,high,closed,2025-07-27 00:47:15,2025-07-31 15:47:15,false
29,24,Bug report,low,open,2026-01-19 20:26:54,,false
30,9,Login issue,normal,closed,2025-12-14 05:41:07,2025-12-17 14:41:07,true
31,28,Billing question,normal,closed,2025-05-05 12:45:45,2025-05-08 05:45:45,false
32,22,Refund request,high,closed,2025-08-22 00:39:54,2025-08-29 05:39:54,false
33,2,Late delivery,high,closed,2025-06-17 00:24:53,2025-06-18 04:24:53,false
34,17,Late delivery,low,closed,2025-04-22 05:45:50,2025-04-24 09:45:50,false
35,16,Bug report,low,open,2026-03-10 18:29:34,,false
