id,first_name,last_name,email,country
1,Ethan,Garcia,ethan.garcia1@example.com,BR
2,Chen,Smith,chen.smith2@example.com,US
3,Maya,Tanaka,maya.tanaka3@example.com,US
4,Ethan,Silva,ethan.silva4@example.com,US
5,Leo,Tanaka,leo.tanaka5@example.com,DE
6,Ava,Patel,ava.patel6@example.com,BR
7,Lena,Patel,lena.patel7@example.com,DE
8,Liam,Tanaka,liam.tanaka8@example.com,BR
9,Ava,Silva,ava.silva9@example.com,US
10,Mia,Silva,mia.silva10@example.com,US
11,Sam,Silva,sam.silva11@example.com,BR
12,Ava,Kim,ava.kim12@example.com,US
13,Priya,Garcia,priya.garcia13@example.com,IN
14,Lena,Garcia,lena.garcia14@example.com,JP
15,Liam,Silva,liam.silva15@example.com,IN
16,Priya,Garcia,priya.garcia16@example.com,US
17,Sam,Silva,sam.silva17@example.com,GB
18,Mia,Okafor,mia.okafor18@example.com,US
19,Priya,Patel,priya.patel19@example.com,JP
20,Ava,Silva,ava.silva20@example.com,DE
21,Omar,Tanaka,omar.tanaka21@example.com,BR
22,Raj,Okafor,raj.okafor22@example.com,BR
23,Sam,Muller,sam.muller23@example.com,IN
24,Zoe,Kim,zoe.kim24@example.com,DE
25,Ines,Kim,ines.kim25@example.com,US
26,Sam,Nguyen,sam.nguyen26@example.com,JP
27,Omar,Okafor,omar.okafor27@example.com,GB
28,Omar,Nguyen,omar.nguyen28@example.com,JP
29,Liam,Patel,liam.patel29@example.com,JP
30,Lena,Garcia,lena.garcia30@example.com,IN
