id,payment_id,amount_cents,reason,opened_ts,resolved_ts,_is_deleted
1,26,26547,not_received,2026-02-17 22:18:23,2026-03-14 22:18:23,false
2,7,13178,other,2025-05-07 01:59:31,,false
3,18,18021,fraud,2026-02-08 02:09:20,2026-03-05 02:09:20,true
4,38,19585,not_received,2025-02-18 01:13:55,2025-03-24 01:13:55,false
5,39,5289,duplicate,2025-05-14 08:27:06,2025-06-23 08:27:06,false
6,6,1901,fraud,2026-03-08 01:21:12,2026-04-04 01:21:12,false
7,5,29277,other,2025-01-18 17:23:55,2025-02-21 17:23:55,false
8,37,8641,fraud,2026-04-18 03:45:05,,false
9,11,13154,not_received,2026-05-05 21:32:25,,false
10,4,19115,fraud,2026-01-05 07:11:02,2026-01-30 07:11:02,true
11,4,4311,not_received,2026-03-05 01:16:50,2026-04-07 01:16:50,false
12,38,15459,fraud,2025-06-12 00:12:43,2025-07-22 00:12:43,false
13,24,16771,other,2025-08-30 10:23:16,,false
14,44,1413,other,2025-03-28 14:15:51,,false
15,15,3548,duplicate,2026-01-03 06:51:02,,false
16,25,28598,fraud,2026-04-01 23:08:49,2026-04-10 23:08:49,false
17,15,16647,fraud,2025-11-18 02:28:21,,false
18,4,6906,other,2025-11-18 11:09:21,,false
19,27,14493,not_received,2025-10-11 04:28:55,,false
20,11,9541,other,2025-03-21 00:17:36,2025-04-14 00:17:36,true
21,33,2862,not_received,2025-02-25 10:29:57,2025-03-09 10:29:57,false
22,13,12936,other,2025-10-14 15:53:18,,false
23,19,14619,not_received,2025-05-14 07:59:15,,false
24,29,27444,duplicate,2025-01-30 23:18:09,2025-02-03 23:18:09,false
25,19,7088,duplicate,2025-09-19 04:28:00,2025-10-25 04:28:00,false
