id,customer_id,plan,monthly_price_cents,started_ts,canceled_ts,_is_deleted
1,27,pro,2900,2025-02-22 00:30:56,,false
2,30,basic,2900,2025-01-21 09:14:07,2025-05-30 09:14:07,false
3,4,team,9900,2025-09-20 05:28:38,2025-10-23 05:28:38,false
4,5,basic,900,2025-12-30 19:22:13,2026-07-22 19:22:13,false
5,7,basic,2900,2025-05-11 01:38:46,,false
6,3,basic,900,2025-07-29 21:23:11,,true
7,26,pro,9900,2026-02-12 15:35:30,2026-05-04 15:35:30,false
8,13,team,2900,2025-10-09 04:40:34,2026-01-30 04:40:34,false
9,2,pro,9900,2025-07-29 09:42:19,,false
10,21,basic,2900,2025-10-18 11:26:26,2026-05-22 11:26:26,false
11,6,pro,900,2026-01-08 12:13:00,,false
12,15,basic,900,2026-02-25 02:25:36,,false
13,30,pro,900,2025-01-08 01:35:09,,false
14,6,basic,2900,2025-10-21 19:59:23,,false
15,4,pro,2900,2025-05-26 05:33:10,,false
16,2,pro,2900,2026-01-21 06:19:08,,false
17,29,team,9900,2025-01-28 19:59:40,,false
18,20,pro,9900,2025-12-19 05:40:50,,false
19,2,pro,9900,2026-03-10 06:53:30,2026-07-29 06:53:30,false
20,2,team,9900,2025-03-22 12:22:07,2025-07-28 12:22:07,false
21,18,team,2900,2025-01-20 21:53:20,2025-10-10 21:53:20,true
22,22,pro,2900,2025-11-29 13:19:37,2026-07-16 13:19:37,false
23,15,basic,2900,2025-09-15 14:11:01,2026-06-22 14:11:01,false
24,6,pro,2900,2026-01-26 19:49:52,,false
25,3,pro,9900,2025-02-24 02:08:22,,false
26,3,team,2900,2025-09-19 21:02:02,,false
27,29,pro,9900,2026-02-03 23:32:05,2026-11-18 23:32:05,false
28,7,basic,2900,2026-05-02 04:01:54,2026-07-27 04:01:54,false
29,8,basic,2900,2025-05-28 05:43:50,,false
30,9,pro,900,2025-11-09 08:10:20,,false
