id,ticket_id,score,submitted_ts,_is_deleted
1,26,4,2025-02-04 00:43:24,false
2,10,4,2026-01-30 13:35:06,false
3,6,4,2025-04-19 04:40:00,false
4,28,1,2025-01-05 21:42:07,true
5,6,2,2026-03-22 03:08:30,false
6,2,3,2026-01-04 18:15:28,false
7,12,1,2025-07-07 23:45:44,false
8,10,1,2025-05-31 20:35:45,false
9,32,4,2025-12-09 08:58:03,false
10,3,1,2025-02-01 00:56:41,false
11,6,4,2025-06-09 09:46:38,false
12,11,4,2025-11-08 01:20:23,false
13,29,4,2025-12-13 05:09:51,false
14,8,3,2026-05-04 20:10:40,false
15,27,4,2025-07-17 14:17:50,false
16,22,3,2025-05-24 01:39:41,true
17,22,5,2026-01-07 00:53:09,false
18,20,5,2025-08-08 07:24:24,false
19,25,5,2026-01-30 07:51:28,false
20,19,1,2025-06-14 08:17:27,false
21,11,5,2026-04-17 01:18:53,false
22,10,5,2025-03-17 08:54:51,false
23,32,3,2025-10-01 02:34:35,false
24,32,4,2025-04-13 23:59:14,false
25,20,5,2025-01-30 21:25:29,true
26,14,3,2025-10-28 00:50:24,false
27,30,5,2025-02-14 17:51:22,false
28,5,2,2025-07-23 18:33:57,false
29,17,5,2025-06-14 15:32:37,false
30,13,2,2025-04-19 06:05:11,false
